user_location,lon_user_location,lat_user_location,City,Country
"London, United Kingdom",-0.1277583,51.5073509,London,United Kingdom
"Amsterdam, The Netherlands",4.895167900000001,52.3702157,Amsterdam,Netherlands
"London, England, United Kingdom",-0.1277583,51.5073509,London,United Kingdom
"Washington DC, District of Columbia",-77.0368707,38.9071923,Washington,United States
"Edinburgh, United Kingdom",-3.188267,55.953252,Edinburgh,United Kingdom
"Fredrikstad, Norway",10.9347012,59.22053689999999,Fredrikstad,Norway
"Greater London, United Kingdom",-0.0936496,51.4309209,London,United Kingdom
Barbados,-59.543198,13.193887,Coffee Gully,Barbados
"Addis Ababa, Ethiopia",38.7577605,8.9806034,Addis Ababa,Ethiopia
Cape Town,18.4240553,-33.9248685,Cape Town,South Africa
Tamworth,-1.691032,52.633584,Tamworth,United Kingdom
Somerset West,18.8432656,-34.0756899,Cape Town,South Africa
"Virginia Beach, Virginia",-75.97798499999999,36.8529263,Virginia Beach,United States
"Glasgow, United Kingdom",-4.251806,55.864237,Glasgow,United Kingdom
"Richland, Washington",-119.2844621,46.2856907,Richland,United States
"Boca Raton, Florida",-80.1289321,26.3683064,Boca Raton,United States
"Sydney, Australia",151.2092955,-33.8688197,Sydney,Australia
"New York City, New York",-74.0059728,40.7127753,New York,United States
United States,-95.712891,37.09024,Independence,United States
"Lyon, France",4.835659,45.764043,Lyon,France
"Portland, Oregon",-122.6764815,45.5230622,Portland,United States
"Brussels, Belgium",4.3517211,50.8503463,Brussel,Belgium
"Osterode am Harz, Germany",10.2580311,51.7293769,Osterode am Harz,Germany
hong kong,114.109497,22.396428,"NA",Hong Kong
"Nairobi, Kenya",36.8219462,-1.2920659,Nairobi,Kenya
"Dar es Salaam, Tanzania",39.2083284,-6.792354,Dar es Salaam,Tanzania
"Berlin, Germany",13.404954,52.52000659999999,Berlin,Germany
"Kalmar, Sweden",16.3567791,56.6634447,Kalmar,Sweden
Surrey,-0.5599501,51.31475930000001,Woking,United Kingdom
uae,53.847818,23.424076,"NA",United Arab Emirates
Wisconsin,-88.7878678,43.7844397,Brandon,United States
"Dubai, United Arab Emirates",55.2707828,25.2048493,Dubai,United Arab Emirates
"Tampa, Florida, United States",-82.4571776,27.950575,Tampa,United States
"Victoria, Canada",-123.3656444,48.4284207,Victoria,Canada
"Hertfordshire, United Kingdom",-0.2376744,51.80978229999999,Ayot Saint Peter,United Kingdom
"Rome, Italy",12.4963655,41.9027835,Roma,Italy
"Toronto, Canada",-79.3831843,43.653226,Toronto,Canada
"Limassol, Cyprus",33.0226174,34.7071301,Limassol,Cyprus
Noosa Heads,153.093,-26.398,Noosa Heads,Australia
"Ljubljana, Slovenia",14.5057515,46.0569465,Ljubljana,Slovenia
Warwickshire,-1.4675216,52.2671353,"NA",United Kingdom
"Swindon, United Kingdom",-1.7797176,51.55577390000001,Swindon,United Kingdom
Vancouver,-123.1207375,49.2827291,Vancouver,Canada
Alaska,-149.4936733,64.2008413,Healy,United States
"Elmhurst, Illinois",-87.9403418,41.8994744,Elmhurst,United States
England,-1.1743197,52.3555177,Kilsby,United Kingdom
cape town,18.4240553,-33.9248685,Cape Town,South Africa
"Oslo, Norway",10.7522454,59.9138688,Oslo,Norway
Australia,133.775136,-25.274398,Ghan,Australia
"Hong Kong, China",114.109497,22.396428,"NA",Hong Kong
Addis Ababa,38.7577605,8.9806034,Addis Ababa,Ethiopia
"Singapore, Singapore",103.819836,1.352083,Singapore,Singapore
"Da Lat, Vietnam",108.4583132,11.9404192,Thành phố Đà Lạt,Vietnam
"Antwerp, Belgium",4.4024643,51.2194475,Antwerpen,Belgium
"Miami, Florida",-80.1917902,25.7616798,Miami,United States
"Djibouti, Djibouti",42.590275,11.825138,"NA",Djibouti
"Moscow, Russia",37.6172999,55.755826,Moskva,Russia
"San Francisco, CA",-122.4194155,37.7749295,San Francisco,United States
"Atlanta, Georgia",-84.3879824,33.7489954,Atlanta,United States
"Point Reyes Station, California, United States",-122.8069356,38.0690894,Point Reyes Station,United States
"Herzliya, Israel",34.844675,32.162413,Herzliya,Israel
"Mount Shasta, California",-122.3105666,41.3098746,Mount Shasta,United States
Luxembourg,6.129582999999999,49.815273,Schrondweiler,Luxembourg
"Byron Bay, Australia",153.601977,-28.6473671,Skinners Shoot,Australia
"Almere, The Netherlands",5.2647016,52.3507849,Almere,Netherlands
"Richmond, Canada",-123.133569,49.1665898,Richmond,Canada
"Stockholm, Sweden",18.0685808,59.32932349999999,Stockholm,Sweden
"Thusis, Switzerland",9.439494,46.6960141,Thusis,Switzerland
California,-119.4179324,36.778261,Sanger,United States
"York, United Kingdom",-1.0872979,53.95996510000001,York,United Kingdom
"Shaka's Rock, South Africa",31.2275802,-29.51782469999999,Dolphin Coast,South Africa
"Aarschot, Belgium",4.8365218,50.9859959,Aarschot,Belgium
"Ilkley, United Kingdom",-1.822817,53.925486,Ilkley,United Kingdom
"Tel Aviv, Israel",34.78176759999999,32.0852999,Tel Aviv-Yafo,Israel
Miami,-80.1917902,25.7616798,Miami,United States
"Montevideo, Uruguay",-56.16453139999999,-34.9011127,Montevideo,Uruguay
"Cape Town, South Africa",18.4240553,-33.9248685,Cape Town,South Africa
Everywhere,-71.06040879999999,42.3565903,Boston,United States
"Ludhiana, India",75.8572758,30.900965,Ludhiana,India
"Accra, Ghana",-0.1869644,5.6037168,Accra,Ghana
Singapore,103.819836,1.352083,Singapore,Singapore
"Middlesbrough, United Kingdom",-1.234956,54.574227,Middlesbrough,United Kingdom
Trousvierges,6.0017026,50.1220148,Troisvierges,Luxembourg
"Los Angeles, California",-118.2436849,34.0522342,Los Angeles,United States
"Grand Rapids, Michigan",-85.6680863,42.9633599,Grand Rapids,United States
"Cambridgeshire, United Kingdom",0.1218195,52.2052973,Cambridge,United Kingdom
"Athens, Greece",23.7275388,37.9838096,Athina,Greece
"Lisbon, Portugal",-9.1393366,38.7222524,Lisboa,Portugal
"Sao Paulo, SP",-46.63330939999999,-23.5505199,São Paulo,Brazil
Ilkley,-1.822817,53.925486,Ilkley,United Kingdom
somalia,46.199616,5.152149,"NA",Somalia
Herts,-95.99317579999999,36.7525914,Bartlesville,United States
"North Charleston, South Carolina",-79.9748103,32.8546197,North Charleston,United States
"Liverpool, United Kingdom",-2.9915726,53.4083714,Liverpool,United Kingdom
"Oxford, United Kingdom",-1.2577263,51.7520209,Oxford,United Kingdom
there,-94.5859969,39.0811274,Kansas City,United States
"Erkelenz, Germany",6.315906999999999,51.0784539,Erkelenz,Germany
"Munich, Germany",11.5819805,48.1351253,München,Germany
"Puyallup, Washington",-122.2928974,47.1853785,Puyallup,United States
"Barcelona, Spain",2.1734035,41.3850639,Barcelona,Spain
Abu Dhabi,54.3773438,24.453884,Abu Dhabi,United Arab Emirates
France,2.213749,46.227638,Courtabœuf Cedex,France
"Bloomington, Illinois",-88.99368729999999,40.4842027,Bloomington,United States
"Varazdin, Croatia",16.3366066,46.305746,Varaždin,Croatia
Beaumaris,-4.09199,53.265865,Beaumaris,United Kingdom
"Birmingham, Alabama",-86.80248999999999,33.5206608,Birmingham,United States
"Letchworth, United Kingdom",-0.226624,51.979074,Letchworth Garden City,United Kingdom
"Edmonton, Canada",-113.4909267,53.544389,Edmonton,Canada
UAE,53.847818,23.424076,"NA",United Arab Emirates
"Belvedere, California",-122.4644171,37.8727044,Belvedere,United States
"Abu Dhabi, United Arab Emirates",54.3773438,24.453884,Abu Dhabi,United Arab Emirates
"San Diego, California",-117.1610838,32.715738,San Diego,United States
Johannesburg,28.0473051,-26.2041028,Johannesburg,South Africa
South East London,-0.1277583,51.5073509,London,United Kingdom
Kent UK,0.5217254000000001,51.2787075,Maidstone,United Kingdom
"Belgrade, Serbia",20.4489216,44.786568,Beograd,Serbia
"Western Australia, Australia",121.6283098,-27.6728168,Lake Darlot,Australia
"Pretoria, SA",28.2292712,-25.7478676,Pretoria,South Africa
"Belfast, Maine",-69.0064234,44.4259092,Belfast,United States
"Vancouver, Canada",-123.1207375,49.2827291,Vancouver,Canada
"Nairobi, Nairobi, Kenya",36.8219462,-1.2920659,Nairobi,Kenya
"Lancaster, United Kingdom",-2.8007399,54.046575,Lancaster,United Kingdom
"Sturminster Marshall, United Kingdom",-2.0736093,50.7966711,Sturminster Marshall,United Kingdom
Austria,14.550072,47.516231,"NA",Austria
"Middleburg, Virginia",-77.7355496,38.9687211,Middleburg,United States
"Frankfurt, Germany",8.6821267,50.1109221,Frankfurt am Main,Germany
Swaziland,31.465866,-26.522503,"NA",Swaziland
"London,Ontario",-81.2452768,42.9849233,London,Canada
virginia,-78.6568942,37.4315734,Dillwyn,United States
"Greensboro, North Carolina",-79.7919754,36.0726354,Greensboro,United States
"Turin, Italy",7.686856499999999,45.070312,Torino,Italy
"Sankt Polten, Austria",15.63817,48.20353,Sankt Pölten,Austria
"Kilkenny, Ireland",-7.2447879,52.6541454,Kilkenny,Ireland
"Victoria, BC",-123.3656444,48.4284207,Victoria,Canada
Princeton,-74.6672226,40.3572976,Princeton,United States
"Valras-Plage, France",3.29233,43.248668,Valras-Plage,France
Rwanda,29.873888,-1.940278,"NA",Rwanda
"London, Ontario, Canada",-81.2452768,42.9849233,London,Canada
"Louth, United Kingdom",-0.007710999999999999,53.365962,Louth,United Kingdom
"Morston, United Kingdom",0.9794438999999999,52.9613083,"NA",United Kingdom
"Navan, Ireland",-6.6966605,53.647092,Navan,Ireland
"Port Elizabeth, Eastern Cape, South Africa",25.5207358,-33.7139247,Port Elizabeth,South Africa
"Wheeling, Illinois",-87.9289591,42.1391927,Wheeling,United States
"Beersheba, Israel",34.791462,31.252973,Be'er Sheva,Israel
"Seattle, Washington",-122.3320708,47.6062095,Seattle,United States
"Boston, Massachusetts",-71.0588801,42.3600825,Boston,United States
"Saskatchewan, Canada",-106.4508639,52.9399159,Leask,Canada
"Istanbul, Turkey",28.9783589,41.0082376,"NA",Turkey
"Cape Town Central, South Africa",18.380762,-33.9528277,Cape Town,South Africa
Helsinki,24.9383791,60.16985569999999,Helsingfors,Finland
"Darlington, United Kingdom",-1.559458,54.52361,Darlington,United Kingdom
London,-0.1277583,51.5073509,London,United Kingdom
"Lewes, Delaware",-75.13934979999999,38.7745565,Milton,United States
"Dundalk, Ireland",-6.405957,53.9979451,Dundalk,Ireland
"Pasadena, California",-118.1445155,34.1477849,Pasadena,United States
"Victoria, Malta",14.2425011,36.0426891,Ir-Rabat Għawdex,Malta
"Hannover, Germany",9.732010400000002,52.3758916,Hannover,Germany
"Portland, Oregon, United States",-122.6764815,45.5230622,Portland,United States
"Zurich, Switzerland",8.541694,47.3768866,Zürich,Switzerland
"Montreal, Canada",-73.567256,45.5016889,Montréal,Canada
"Essex, United Kingdom",0.4690888,51.7343313,Chelmsford,United Kingdom
Bonn,7.0982068,50.73743,Bonn,Germany
"Vienna, Austria",16.3738189,48.2081743,Wien,Austria
"Norwich, United Kingdom",1.297355,52.6308859,Norwich,United Kingdom
"Warwick, United Kingdom",-1.584927,52.28231599999999,Warwick,United Kingdom
Switzerland,8.227511999999999,46.818188,Sachseln,Switzerland
UK,-3.435973,55.378051,"NA",United Kingdom
"Eindhoven, The Netherlands",5.4697225,51.44164199999999,Eindhoven,Netherlands
"County Cork, Ireland",-8.7285446,51.994206,"NA",Ireland
"Arusha, Tanzania",36.6829927,-3.3869254,Arusha,Tanzania
"Johannesburg, South Africa",28.0473051,-26.2041028,Johannesburg,South Africa
"Helsinki, Finland",24.9383791,60.16985569999999,Helsingfors,Finland
"Isle of Skye, United Kingdom",-6.226272499999999,57.5359261,"NA",United Kingdom
"Seal Beach, California, United States",-118.1047682,33.7414085,Seal Beach,United States
"Landstuhl, Germany",7.570905199999999,49.41414640000001,Landstuhl,Germany
"Saint Louis, Missouri",-90.19940419999999,38.6270025,St. Louis,United States
belgium,4.469936,50.503887,Les Bons Villers,Belgium
Briatol,-2.58791,51.454513,Bristol,United Kingdom
Netherlands,5.291265999999999,52.132633,Soest,Netherlands
Connecticut,-73.087749,41.6032207,Watertown,United States
ct,-73.087749,41.6032207,Watertown,United States
"Woodstock, Vermont",-72.51851119999999,43.6242442,Woodstock,United States
"Lalibela, Ethiopia",39.0476298,12.0308987,Lalibela,Ethiopia
"West Chicago, Illinois",-88.2039607,41.8847507,West Chicago,United States
Boston,-71.0588801,42.3600825,Boston,United States
"Jerusalem, Israel",35.21371,31.768319,Jerusalem,Israel
"England, United Kingdom",-1.1743197,52.3555177,Kilsby,United Kingdom
"Henley-on-Thames, United Kingdom",-0.902894,51.535764,Henley-on-Thames,United Kingdom
"Potters Bar, United Kingdom",-0.175948,51.696636,Potters Bar,United Kingdom
"Sequim, Washington",-123.1018438,48.0795365,Sequim,United States
"Sudbury, ON",-80.9530353,46.522099,Sudbury,Canada
"Flagstaff, Arizona",-111.651302,35.1982836,Flagstaff,United States
Voorburg,4.3625406,52.0761581,Voorburg,Netherlands
"Manchester, United Kingdom",-2.2426305,53.4807593,Manchester,United Kingdom
Ethiopia,40.489673,9.145000000000001,"NA",Ethiopia
"Westwood, New Jersey",-74.0326395,40.9912087,Westwood,United States
Israel,34.851612,31.046051,"NA",Israel
"Durham, North Carolina",-78.898619,35.9940329,Durham,United States
nottm,-1.1581086,52.95478319999999,Nottingham,United Kingdom
london,-0.1277583,51.5073509,London,United Kingdom
"Zaragoza, Spain",-0.8890853,41.6488226,Zaragoza,Spain
dublin,-6.2603097,53.3498053,Dublin,Ireland
"High Level, Canada",-117.1351599,58.516354,High Level,Canada
San Francisco,-122.4194155,37.7749295,San Francisco,United States
Nottingham,-1.1581086,52.95478319999999,Nottingham,United Kingdom
"Coimbra, Portugal",-8.4102573,40.2033145,Coimbra,Portugal
"Tokyo, Japan",139.6917064,35.6894875,Shinjuku-ku,Japan
"Hamburg, Germany",9.9936819,53.5510846,Hamburg,Germany
"Comrat, Moldova",28.6533425,46.306943,Comrat,Moldova
"Ennis, Ireland",-8.988738399999999,52.8474255,Ennis,Ireland
"Dusseldorf, Germany",6.7734556,51.2277411,Düsseldorf,Germany
"Copenhagen, Denmark",12.5683372,55.6760968,København,Denmark
"Elancourt, France",1.960077,48.78290699999999,Élancourt,France
"Seoul, South Korea",126.9779692,37.566535,Seoul,South Korea
"Niteroi, RJ",-43.1152211,-22.8858975,Niterói,Brazil
"Austin, TX",-97.7430608,30.267153,Austin,United States
"Milwaukee, Wisconsin",-87.9064736,43.0389025,Milwaukee,United States
"Arlington, Virginia",-77.09098089999999,38.8816208,Arlington,United States
Brisbane,153.0251235,-27.4697707,Brisbane City,Australia
"Minneapolis, Minnesota",-93.2650108,44.977753,Minneapolis,United States
"Doha, Qatar",51.53103979999999,25.2854473,Doha,Qatar
San Jose,-121.8863286,37.3382082,San Jose,United States
"Axum, Ethiopia",38.7472905,14.1340317,Aksum,Ethiopia
"Shakopee, Minnesota, United States",-93.5272861,44.7973962,Shakopee,United States
"Basingstoke, United Kingdom",-1.0923964,51.26654,Basingstoke,United Kingdom
Istanbul,28.9783589,41.0082376,"NA",Turkey
"Perth, Australia",115.8604572,-31.9505269,Perth,Australia
"Curitiba, PR",-49.2653819,-25.4244287,Curitiba,Brazil
"New Delhi, India",77.2090212,28.6139391,New Delhi,India
"Community of Madrid, Spain",-3.7038322,40.4167515,Madrid,Spain
"Melbourne, Australia",144.9630576,-37.8136276,Melbourne,Australia
"Lilongwe, Malawi",33.7741195,-13.9626121,Lilongwe,Malawi
"Preston, United Kingdom",-2.70309,53.763201,Preston,United Kingdom
"Hawick, United Kingdom",-2.780914,55.42706,Hawick,United Kingdom
Vietnam,108.277199,14.058324,"NA",Vietnam
"New Orleans, Louisiana",-90.0715323,29.95106579999999,New Orleans,United States
Belgium,4.469936,50.503887,Les Bons Villers,Belgium
"Santa Fe, New Mexico",-105.937799,35.6869752,Santa Fe,United States
"Bengaluru, India",77.5945627,12.9715987,Bengaluru,India
PA,-77.1945247,41.2033216,Linden,United States
"Shanghai, China",121.4737021,31.2303904,Shanghai,China
"Cairo, Egypt",31.2357116,30.0444196,"NA",Egypt
"San Francisco, California",-122.4194155,37.7749295,San Francisco,United States
"Monterrey, Mexico",-100.3161126,25.6866142,Monterrey,Mexico
Lagunitas california,-122.7022085,38.0113119,Lagunitas,United States
katmandu,85.3239605,27.7172453,Kathmandu,Nepal
"Landenberg, Pennsylvania",-75.7716437,39.7777755,Landenberg,United States
Oslo,10.7522454,59.9138688,Oslo,Norway
"Oxford, England, United Kingdom",-1.2577263,51.7520209,Oxford,United Kingdom
"Penarth, United Kingdom",-3.173507,51.438798,Penarth,United Kingdom
"Scarborough, United Kingdom",-0.399752,54.283113,Scarborough,United Kingdom
Anchorage,-149.9002778,61.2180556,Anchorage,United States
"Scottsdale, Arizona",-111.9260519,33.4941704,Scottsdale,United States
Sevenoaks Uk,0.190898,51.27241000000001,Sevenoaks,United Kingdom
"Spring Grove, Pennsylvania",-76.8658078,39.8745436,Spring Grove,United States
"Essen, Germany",7.0115552,51.4556432,Essen,Germany
"Albi, France",2.1486413,43.9250853,Albi,France
"Mullingar, Ireland",-7.3381378,53.5259334,Mullingar,Ireland
"Calgary, Canada",-114.0708459,51.0486151,Calgary,Canada
Kuala Lumpur,101.686855,3.139003,Kuala Lumpur,Malaysia
"Huntsville, TX",-95.55077709999999,30.7235263,Huntsville,United States
"Cape Town, Western Cape, South Africa",18.4240553,-33.9248685,Cape Town,South Africa
"Geneva, Switzerland",6.1431577,46.2043907,Genève,Switzerland
"Bangkok, Thailand",100.5017651,13.7563309,Bangkok,Thailand
Italy,12.56738,41.87194,Roma,Italy
Dominika,-61.37097600000001,15.414999,"NA",Dominica
"Launceston, Australia",147.1440875,-41.43322149999999,Launceston,Australia
"Addis Ababa, Addis Abeba, Ethiopia",38.7577605,8.9806034,Addis Ababa,Ethiopia
"Chennai (Madras), India",80.2707184,13.0826802,Chennai,India
"Winnipeg, Canada",-97.13837439999999,49.895136,Winnipeg,Canada
"Kigali, Rwanda",30.1044288,-1.9705786,Kigali,Rwanda
"Axminster, United Kingdom",-2.994937,50.78272699999999,Axminster,United Kingdom
"Denver, Colorado",-104.990251,39.7392358,Denver,United States
"Hickory, NC",-81.3444573,35.7344538,Newton,United States
"Ghazir, Lebanon",35.6628902,34.0185834,"NA",Lebanon
"Rotterdam, The Netherlands",4.4777326,51.9244201,Rotterdam,Netherlands
"Washington, District of Columbia, United States",-77.0368707,38.9071923,Washington,United States
"San Stino di Livenza, Italy",12.6813746,45.7297158,San Stino di Livenza,Italy
"Santa Cruz, California",-122.0307963,36.9741171,Santa Cruz,United States
"Tel Aviv District, Israel",34.8072165,32.0929075,Ramat Gan,Israel
"Hanoi, Vietnam",105.8341598,21.0277644,"NA",Vietnam
bristol,-2.58791,51.454513,Bristol,United Kingdom
"Sheboygan, Wisconsin",-87.71453,43.7508284,Sheboygan,United States
"Townsville, Australia",146.8169483,-19.2589635,Townsville City,Australia
Vaxholm,18.3263804,59.40329679999999,Vaxholm,Sweden
Morrison,-105.1910996,39.6535988,Morrison,United States
Vilnius,25.2796514,54.6871555,Vilnius,Lithuania
"Hexham, Northumberland, UK",-2.1121439,54.972665,Rye Close,United Kingdom
"Detroit, Michigan",-83.0457538,42.331427,Detroit,United States
"Des Moines, Iowa",-93.6091064,41.6005448,Des Moines,United States
Southern Nevada,-115.2098505,36.1709357,Las Vegas,United States
pretoria,28.2292712,-25.7478676,Pretoria,South Africa
Dhahran,50.0393017,26.2361248,Dhahran,Saudi Arabia
"Brisbane, Australia",153.0251235,-27.4697707,Brisbane City,Australia
"Uppsala, Sweden",17.6389267,59.85856380000001,Uppsala,Sweden
"Halifax, United Kingdom",-1.85754,53.72702,Halifax,United Kingdom
"Yangon (Rangoon), Myanmar",96.19513200000002,16.8660694,Yangon,Myanmar (Burma)
"Allentown, Pennsylvania",-75.4901833,40.6084305,Allentown,United States
Buriton,-0.9502024000000001,50.977656,Buriton,United Kingdom
uk,-3.435973,55.378051,"NA",United Kingdom
"Karatu, Tanzania",35.66968019999999,-3.3454038,Karatu,Tanzania
"Dublin, Ireland",-6.2603097,53.3498053,Dublin,Ireland
"London, Canada",-81.2452768,42.9849233,London,Canada
"Aberdeen, UK",-2.094278,57.149717,Aberdeen,United Kingdom
"Baltimore, Maryland",-76.6121893,39.2903848,Baltimore,United States
"Canterbury, United Kingdom",1.0789089,51.280233,Canterbury,United Kingdom
"Khamis Mushait, Saudi Arabia",42.7662325,18.3093394,Khamis Mushait,Saudi Arabia
"Takoma Park, Maryland",-77.0074765,38.9778882,Takoma Park,United States
usa,-95.712891,37.09024,Independence,United States
"New Haven, Connecticut",-72.9278835,41.308274,New Haven,United States
Genève,6.1431577,46.2043907,Genève,Switzerland
"Khalkis, Greece",23.6050695,38.4645245,Chalkida,Greece
"Epsom, United Kingdom",-0.267382,51.336036,Epsom,United Kingdom
"Bellegarde sur Valserine, France",5.826179,46.10759900000001,Bellegarde-sur-Valserine,France
"Dire Dawa, Ethiopia",41.850142,9.6008747,Dire Dawa,Ethiopia
"Bratislava, Slovakia",17.1077478,48.1485965,Bratislava,Slovakia
Sydney,151.2092955,-33.8688197,Sydney,Australia
NW England,-77.0407226,38.903451,Washington,United States
"Christchurch, New Zealand",172.6362254,-43.5320544,Christchurch,New Zealand
"Tulsa, Oklahoma",-95.99277500000001,36.1539816,Tulsa,United States
Minnesota,-94.6858998,46.729553,Backus,United States
"Santiago, Chile",-70.6692655,-33.4488897,Santiago,Chile
"Orlando, Florida",-81.3792365,28.5383355,Orlando,United States
"Lagos, Nigeria",3.3792057,6.5243793,Lagos,Nigeria
USA,-95.712891,37.09024,Independence,United States
CT,-73.087749,41.6032207,Watertown,United States
Olympia,-122.9006951,47.0378741,Olympia,United States
"Halesowen, United Kingdom",-2.050526,52.449845,Halesowen,United Kingdom
"Glen Davis, Australia",150.1459625,-33.121809,Glen Davis,Australia
"Reading, United Kingdom",-0.9781303,51.4542645,Reading,United Kingdom
"Ipswich, United Kingdom",1.14822,52.056736,Ipswich,United Kingdom
jerusalem,35.21371,31.768319,Jerusalem,Israel
"Beijing, China",116.4073963,39.90419989999999,Beijing,China
"Bicester, United Kingdom",-1.1535899,51.899603,Bicester,United Kingdom
"Brooklyn, New York",-73.9441579,40.6781784,"NA",United States
"Grand Prairie, Texas",-96.99778459999999,32.7459645,Grand Prairie,United States
"Leiden, Zuid-Holland, Netherlands",4.4970097000000004,52.1601144,Leiden,Netherlands
"McPherson, Kansas",-97.66420869999999,38.3708415,McPherson,United States
"Spokane, Washington",-117.4260465,47.6587802,Spokane,United States
"Portadown, United Kingdom",-6.4548387,54.4203331,Portadown,United Kingdom
Exeter,-3.533899,50.718412,Exeter,United Kingdom
"Colombo, Sri Lanka",79.861243,6.9270786,Colombo,Sri Lanka
"Rochester, New York",-77.6088465,43.15657789999999,Rochester,United States
"Winnipeg, Manitoba",-97.13837439999999,49.895136,Winnipeg,Canada
bolton,-72.4334173,41.7689878,Bolton,United States
"Kitchener, Canada",-80.48319169999999,43.450301,Kitchener,Canada
"Shropshire,UK",-2.7417849,52.7063657,Shrewsbury,United Kingdom
Seattle,-122.3320708,47.6062095,Seattle,United States
"Auckland, New Zealand",174.7633315,-36.8484597,Auckland,New Zealand
Mussoorie,78.06639779999999,30.4599099,Mussoorie,India
"Bristol, England, United Kingdom",-2.58791,51.454513,Bristol,United Kingdom
"Saranac Lake, Ny",-74.1312662,44.329496,Saranac Lake,United States
"Kenosha, Wisconsin",-87.82118539999999,42.5847425,Kenosha,United States
"Taos County, New Mexico",-105.5943388,36.4358718,El Prado,United States
"Dubbo, Australia",148.6329645,-32.2315018,Dubbo,Australia
"Zanzibar Island, Tanzania",39.3621196,-6.135729500000001,Zanzibar City,Tanzania
Chicago,-87.6297982,41.8781136,Chicago,United States
"Cloverdale, California",-123.0172227,38.8054624,Cloverdale,United States
"Hasselt, Belgium",5.3324799999999994,50.93069,Hasselt,Belgium
"The Hague, The Netherlands",4.3006999,52.0704978,Den Haag,Netherlands
"Madrid, Spain",-3.7037902,40.4167754,Madrid,Spain
"East Sussex, United Kingdom",0.2494235,50.908596,"NA",United Kingdom
"Ottawa, Canada",-75.69719309999999,45.4215296,Ottawa,Canada
"Margate, KwaZulu-Natal, South Africa",30.37237409999999,-30.8458684,Margate,South Africa
Kent,-81.3578859,41.1536674,Kent,United States
"Cambridge, United Kingdom",0.121817,52.205337,Cambridge,United Kingdom
"Burgess Hill, United Kingdom",-0.128701,50.954469,Burgess Hill,United Kingdom
"Bergen, Norway",5.3220544,60.39126279999999,Bergen,Norway
"London, England",-0.1277583,51.5073509,London,United Kingdom
"Penn Valley, California",-121.1910659,39.196005,Penn Valley,United States
Trinidad and Tobago,-61.222503,10.691803,"NA",Trinidad and Tobago
"Espoo, Finland",24.6559,60.2054911,Espoo,Finland
worldwide,-95.971261,36.153315,Tulsa,United States
"Santo Domingo, Dominican Republic",-69.93121169999999,18.4860575,Santo Domingo,Dominican Republic
Lalibela,39.0476298,12.0308987,Lalibela,Ethiopia
"Coffs Harbour, Australia",153.1093922,-30.298612,Coffs Harbour,Australia
"Kuala Lumpur, Malaysia",101.686855,3.139003,Kuala Lumpur,Malaysia
"Ramstein-Miesenbach, Germany",7.554540399999999,49.445759,Ramstein-Miesenbach,Germany
"Addis Abeba, Ethiopia",38.7577605,8.9806034,Addis Ababa,Ethiopia
Liverpool,-76.21770459999999,43.106456,Liverpool,United States
"Provo, Utah",-111.6585337,40.2338438,Provo,United States
Qatar,51.183884,25.354826,"NA",Qatar
bangalore,77.5945627,12.9715987,Bengaluru,India
"Dillon, Colorado",-106.0433518,39.6302643,Dillon,United States
Amsterdam,4.895167900000001,52.3702157,Amsterdam,Netherlands
Nairobi,36.8219462,-1.2920659,Nairobi,Kenya
"Phoenix, Arizona",-112.0740373,33.4483771,Phoenix,United States
"Jakarta, Indonesia",106.8650395,-6.17511,"NA",Indonesia
"Southampton, United Kingdom",-1.4043509,50.90970040000001,Southampton,United Kingdom
Deutschland,10.451526,51.165691,Niederdorla,Germany
"Basel, Switzerland",7.5885761,47.5595986,Basel,Switzerland
"Brighton, United Kingdom",-0.137163,50.82253000000001,Brighton,United Kingdom
"Bethesda, Maryland",-77.0947092,38.984652,Bethesda,United States
istanbul,28.9783589,41.0082376,"NA",Turkey
Richmond VA,-77.4360481,37.5407246,Richmond,United States
"Philadelphia, Pennsylvania",-75.1652215,39.9525839,Philadelphia,United States
Abidjan,-4.0082563,5.3599517,Abidjan,Côte d'Ivoire
"Warrenton, Virginia",-77.7952712,38.7134516,Warrenton,United States
edinburgh,-3.188267,55.953252,Edinburgh,United Kingdom
"St. Catharines, Canada",-79.2468626,43.1593745,St. Catharines,Canada
Marina di Carrara,10.0438256,44.0359679,Carrara,Italy
Aveiro,-8.6537539,40.6405055,Aveiro,Portugal
"Cracow, Poland",19.9449799,50.06465009999999,Kraków,Poland
"Canberra, Australia",149.1300092,-35.2809368,Canberra,Australia
"Gig Harbor, Washington",-122.5801293,47.32926399999999,Gig Harbor,United States
Columbus Ohio,-82.99879419999999,39.9611755,Columbus,United States
Vienna,16.3738189,48.2081743,Wien,Austria
"Norman, OK",-97.4394777,35.2225668,Norman,United States
"Streatley on Thames, United Kingdom",-1.1488225,51.5225588,Streatley,United Kingdom
Tel-Aviv,34.78176759999999,32.0852999,Tel Aviv-Yafo,Israel
"Stamford, Connecticut",-73.5387341,41.0534302,Stamford,United States
"Kampala, Uganda",32.5825197,0.3475964,Kampala,Uganda
Ohio,-82.90712300000001,40.4172871,Ashley,United States
"Lausanne, Switzerland",6.6322734,46.5196535,Lausanne,Switzerland
lalibela,39.0476298,12.0308987,Lalibela,Ethiopia
"Hove, England, United Kingdom",-0.168749,50.8279319,Hove,United Kingdom
denver,-104.990251,39.7392358,Denver,United States
Kurmuk,34.2824429,10.5534497,Kurmuk,Sudan
"Abergavenny, United Kingdom",-3.019423,51.825366,Abergavenny,United Kingdom
ADDIS ABABA,38.7577605,8.9806034,Addis Ababa,Ethiopia
"Detroit Lakes, Minnesota",-95.8453253,46.8171808,Detroit Lakes,United States
"Sudbury, Canada",-80.9530353,46.522099,Sudbury,Canada
Woodland,-83.6698055,34.715892,Sautee Nacoochee,United States
"Gonder, Ethiopia",37.4521319,12.6030181,Gondar,Ethiopia
Castellon,-0.1494988,40.1451772,Les Useres,Spain
Geneva,6.1431577,46.2043907,Genève,Switzerland
"Rehovot, Israel",34.811272,31.892773,Rehovot,Israel
"Malmo, Sweden",13.003822,55.604981,Malmö,Sweden
"Dhaka City, Bangladesh",90.4125181,23.810332,Dhaka,Bangladesh
Saudi Arabia,45.079162,23.885942,"NA",Saudi Arabia
Laos,102.495496,19.85627,"NA",Laos
"Salamanca, Spain",-5.663539699999999,40.9701039,Salamanca,Spain
"Berkeley,CA",-122.272747,37.8715926,Berkeley,United States
"Pipestone, Minnesota",-96.3128117,43.9985815,Pipestone,United States
"Boras, Sweden",12.939819,57.72103500000001,Borås,Sweden
"Bern, Switzerland",7.4474468,46.9479739,Bern,Switzerland
"Westcliff-on-Sea, United Kingdom",0.696966,51.53587899999999,Southend-on-Sea,United Kingdom
"Aberdeen, United Kingdom",-2.094278,57.149717,Aberdeen,United Kingdom
Hong Kong,114.109497,22.396428,"NA",Hong Kong
"Pamukkale, Turkey",29.1187097,37.9136957,"NA",Turkey
"Blaine, WA",-122.7471191,48.993723,Blaine,United States
North London,-0.1277583,51.5073509,London,United Kingdom
"Chicago, Illinois",-87.6297982,41.8781136,Chicago,United States
"Farnham, United Kingdom",-0.798802,51.214321,Farnham,United Kingdom
"Kent, United Kingdom",0.5217254000000001,51.2787075,Maidstone,United Kingdom
Athens,23.7275388,37.9838096,Athina,Greece
"Brindisi, Italy",17.9417616,40.6327278,Brindisi,Italy
Highlands of Scotland,-2.775336,57.0774553,Aboyne,United Kingdom
Minervois,2.8270209,43.287537,Pouzols-Minervois,France
"Clifton, Virginia",-77.3866535,38.7801142,Clifton,United States
"Aiken, South Carolina",-81.7195533,33.5604168,Aiken,United States
"Lodz, Poland",19.4559833,51.7592485,Łódź,Poland
Adelaide,138.6007456,-34.9284989,Adelaide,Australia
"Smyrna, Georgia",-84.51437609999999,33.8839926,Smyrna,United States
Piemonte,7.5153885,45.0522366,"NA",Italy
"Ithaca, NY",-76.5018807,42.4439614,Ithaca,United States
LA,-118.2436849,34.0522342,Los Angeles,United States
"Santiago Metropolitan Region, Chile",-70.6504896,-33.4375545,Santiago,Chile
au,133.775136,-25.274398,Ghan,Australia
"Hellerup, Denmark",12.569196,55.73665399999999,Hellerup,Denmark
Pretoria,28.2292712,-25.7478676,Pretoria,South Africa
Scarborough,-0.399752,54.283113,Scarborough,United Kingdom
